INDEX,RCR,DATE,TIME,LATITUDE,N/S,LONGITUDE,E/W,ALTITUDE,COURSE,SPEED,
1,T,08/12/06,06:25:00,47.90945,N,106.91275,E,1250.6m,,0km/h
2,T,08/12/06,06:25:02,47.90934,N,106.91277,E,1288.4m,14.14,1km/h
3,T,08/12/06,06:25:06,47.90930,N,106.91272,E,1289.0m,68.54,0km/h
4,T,08/12/06,06:25:09,47.90929,N,106.91272,E,1290.3m,94.48,1km/h
5,T,08/12/06,06:25:09,47.90929,N,106.91272,E,1290.3m,94.48,1km/h
6,T,08/12/06,06:25:14,47.90929,N,106.91270,E,1289.3m,60.96,0km/h
7,T,08/12/06,06:25:17,47.90929,N,106.91269,E,1289.9m,91.00,0km/h
8,T,08/12/06,06:25:20,47.90929,N,106.91269,E,1290.4m,88.66,0km/h
9,T,08/12/06,06:25:23,47.90930,N,106.91269,E,1291.5m,82.98,0km/h
10,T,08/12/06,06:25:26,47.90930,N,106.91269,E,1292.5m,85.15,0km/h
11,T,08/12/06,06:25:29,47.90930,N,106.91269,E,1293.3m,86.05,0km/h
12,T,08/12/06,06:25:32,47.90930,N,106.91269,E,1294.4m,120.2,0km/h
13,T,08/12/06,06:25:35,47.90929,N,106.91269,E,1294.5m,141.1,1km/h
14,T,08/12/06,06:25:37,47.90928,N,106.91269,E,1294.5m,118.7,0km/h
15,T,08/12/06,06:25:40,47.90928,N,106.91269,E,1294.5m,127.7,1km/h
16,T,08/12/06,06:25:43,47.90928,N,106.91269,E,1294.9m,144.5,0km/h
17,T,08/12/06,06:25:46,47.90927,N,106.91269,E,1295.2m,137.1,0km/h
18,T,08/12/06,06:25:49,47.90927,N,106.91268,E,1295.8m,157.2,0km/h
19,T,08/12/06,06:25:52,47.90927,N,106.91268,E,1296.5m,89.12,0km/h
20,T,08/12/06,06:25:55,47.90927,N,106.91268,E,1297.2m,85.64,1km/h
21,T,08/12/06,06:25:57,47.90927,N,106.91268,E,1298.2m,84.95,1km/h
22,T,08/12/06,06:26:01,47.90928,N,106.91269,E,1299.7m,91.28,0km/h
23,T,08/12/06,06:26:04,47.90928,N,106.91270,E,1301.0m,73.71,1km/h
24,T,08/12/06,06:26:06,47.90928,N,106.91270,E,1302.2m,74.94,1km/h
25,T,08/12/06,06:26:09,47.90928,N,106.91271,E,1303.6m,72.98,1km/h
26,T,08/12/06,06:26:12,47.90928,N,106.91272,E,1304.3m,103.4,0km/h
27,T,08/12/06,06:26:15,47.90928,N,106.91271,E,1304.4m,77.73,0km/h
28,T,08/12/06,06:26:18,47.90928,N,106.91271,E,1304.8m,83.56,1km/h
29,T,08/12/06,06:26:21,47.90929,N,106.91271,E,1305.4m,81.09,1km/h
30,T,08/12/06,06:26:24,47.90929,N,106.91270,E,1306.0m,65.33,0km/h
31,T,08/12/06,06:26:27,47.90929,N,106.91270,E,1306.7m,72.21,0km/h
32,T,08/12/06,06:26:30,47.90930,N,106.91270,E,1307.3m,82.86,1km/h
33,T,08/12/06,06:26:32,47.90930,N,106.91270,E,1308.1m,84.10,1km/h
34,T,08/12/06,06:26:35,47.90930,N,106.91269,E,1309.0m,69.10,0km/h
35,T,08/12/06,06:26:38,47.90930,N,106.91269,E,1309.8m,77.46,0km/h
36,T,08/12/06,06:26:41,47.90931,N,106.91269,E,1310.7m,89.73,1km/h
37,T,08/12/06,06:26:44,47.90931,N,106.91269,E,1311.3m,76.61,1km/h
38,T,08/12/06,06:26:47,47.90932,N,106.91269,E,1312.3m,81.03,1km/h
39,T,08/12/06,06:26:50,47.90932,N,106.91269,E,1313.2m,87.10,1km/h
40,T,08/12/06,06:26:52,47.90932,N,106.91268,E,1314.1m,68.09,1km/h
41,T,08/12/06,06:26:56,47.90933,N,106.91268,E,1314.6m,113.2,1km/h
42,T,08/12/06,06:26:59,47.90933,N,106.91268,E,1314.8m,125.5,1km/h
43,T,08/12/06,06:27:02,47.90933,N,106.91268,E,1314.9m,117.3,1km/h
44,T,08/12/06,06:27:04,47.90933,N,106.91268,E,1317.0m,56.60,1km/h
45,T,08/12/06,06:27:07,47.90935,N,106.91268,E,1318.9m,63.01,0km/h
46,T,08/12/06,06:27:10,47.90936,N,106.91267,E,1320.8m,96.31,0km/h
47,T,08/12/06,06:27:13,47.90937,N,106.91267,E,1322.0m,76.72,0km/h
48,T,08/12/06,06:27:16,47.90938,N,106.91267,E,1323.6m,56.28,1km/h
49,T,08/12/06,06:27:19,47.90939,N,106.91267,E,1325.0m,75.83,1km/h
50,T,08/12/06,06:27:22,47.90940,N,106.91266,E,1326.3m,63.54,0km/h
51,T,08/12/06,06:27:25,47.90940,N,106.91266,E,1327.0m,117.4,0km/h
52,T,08/12/06,06:27:27,47.90940,N,106.91266,E,1327.5m,90.32,0km/h
53,T,08/12/06,06:27:31,47.90941,N,106.91266,E,1327.8m,69.05,0km/h
54,T,08/12/06,06:27:33,47.90941,N,106.91266,E,1328.0m,82.14,1km/h
55,T,08/12/06,06:27:36,47.90941,N,106.91266,E,1328.1m,81.78,1km/h
56,T,08/12/06,06:27:39,47.90941,N,106.91266,E,1328.2m,82.53,1km/h
57,T,08/12/06,06:27:42,47.90941,N,106.91266,E,1328.4m,70.69,0km/h
58,T,08/12/06,06:27:45,47.90941,N,106.91265,E,1328.6m,105.2,0km/h
59,T,08/12/06,06:27:47,47.90941,N,106.91265,E,1328.8m,62.47,1km/h
60,T,08/12/06,06:27:51,47.90941,N,106.91265,E,1328.7m,78.85,1km/h
61,T,08/12/06,06:27:54,47.90941,N,106.91265,E,1328.6m,351.5,1km/h
62,T,08/12/06,06:27:57,47.90941,N,106.91265,E,1328.3m,355.5,0km/h
63,T,08/12/06,06:27:59,47.90941,N,106.91265,E,1327.8m,21.79,1km/h
64,T,08/12/06,06:28:02,47.90940,N,106.91265,E,1327.2m,125.1,1km/h
65,T,08/12/06,06:28:05,47.90940,N,106.91265,E,1327.2m,153.8,1km/h
66,T,08/12/06,06:28:08,47.90939,N,106.91265,E,1326.6m,145.6,1km/h
67,T,08/12/06,06:28:11,47.90938,N,106.91265,E,1324.9m,141.7,3km/h
68,T,08/12/06,06:28:14,47.90937,N,106.91266,E,1323.0m,138.9,3km/h
69,T,08/12/06,06:28:17,47.90935,N,106.91266,E,1321.1m,152.4,3km/h
70,T,08/12/06,06:28:20,47.90934,N,106.91266,E,1319.4m,124.3,0km/h
71,T,08/12/06,06:28:22,47.90934,N,106.91266,E,1318.0m,124.0,3km/h
72,T,08/12/06,06:28:26,47.90933,N,106.91266,E,1316.4m,121.4,3km/h
73,T,08/12/06,06:28:28,47.90932,N,106.91266,E,1314.6m,67.53,0km/h
74,T,08/12/06,06:28:31,47.90932,N,106.91266,E,1313.4m,39.51,0km/h
75,T,08/12/06,06:28:34,47.90931,N,106.91266,E,1312.4m,59.97,0km/h
76,T,08/12/06,06:28:37,47.90931,N,106.91266,E,1311.8m,71.79,1km/h
77,T,08/12/06,06:28:40,47.90931,N,106.91265,E,1311.1m,56.85,1km/h
78,T,08/12/06,06:28:42,47.90931,N,106.91265,E,1310.7m,19.04,1km/h
79,T,08/12/06,06:28:46,47.90931,N,106.91265,E,1310.4m,52.55,0km/h
80,T,08/12/06,06:28:49,47.90931,N,106.91265,E,1310.0m,50.26,1km/h
81,T,08/12/06,06:28:52,47.90931,N,106.91265,E,1309.8m,20.07,0km/h
82,T,08/12/06,06:28:55,47.90931,N,106.91264,E,1309.6m,19.71,0km/h
83,T,08/12/06,06:28:57,47.90931,N,106.91264,E,1309.5m,21.73,0km/h
84,T,08/12/06,06:29:00,47.90931,N,106.91264,E,1309.4m,39.70,1km/h
85,T,08/12/06,06:29:03,47.90931,N,106.91264,E,1309.3m,40.79,1km/h
86,T,08/12/06,06:29:06,47.90931,N,106.91264,E,1309.4m,97.31,0km/h
87,T,08/12/06,06:29:09,47.90931,N,106.91264,E,1309.5m,146.7,3km/h
88,T,08/12/06,06:29:12,47.90931,N,106.91264,E,1309.4m,73.56,1km/h
89,T,08/12/06,06:29:15,47.90931,N,106.91264,E,1309.2m,79.78,1km/h
90,T,08/12/06,06:29:17,47.90931,N,106.91264,E,1308.9m,15.85,1km/h
91,T,08/12/06,06:29:21,47.90932,N,106.91263,E,1308.8m,341.1,3km/h
92,T,08/12/06,06:29:24,47.90932,N,106.91263,E,1308.4m,76.51,1km/h
93,T,08/12/06,06:29:26,47.90932,N,106.91263,E,1308.0m,76.26,1km/h
94,T,08/12/06,06:29:29,47.90932,N,106.91263,E,1307.7m,59.53,0km/h
95,T,08/12/06,06:29:32,47.90932,N,106.91262,E,1307.4m,47.52,0km/h
96,T,08/12/06,06:29:35,47.90932,N,106.91262,E,1307.3m,86.37,1km/h
97,T,08/12/06,06:29:38,47.90932,N,106.91262,E,1307.1m,28.07,3km/h
98,T,08/12/06,06:29:41,47.90932,N,106.91262,E,1307.0m,34.14,0km/h
99,T,08/12/06,06:29:44,47.90933,N,106.91262,E,1307.0m,30.79,0km/h
100,T,08/12/06,06:29:47,47.90933,N,106.91262,E,1306.8m,78.20,0km/h
101,T,08/12/06,06:29:50,47.90933,N,106.91262,E,1306.6m,12.56,3km/h
102,T,08/12/06,06:29:52,47.90934,N,106.91261,E,1306.4m,322.5,0km/h
103,T,08/12/06,06:29:55,47.90934,N,106.91261,E,1306.0m,349.4,0km/h
104,T,08/12/06,06:29:58,47.90935,N,106.91261,E,1305.6m,41.59,1km/h
105,T,08/12/06,06:30:01,47.90935,N,106.91260,E,1305.5m,54.26,1km/h
106,T,08/12/06,06:30:04,47.90935,N,106.91260,E,1305.4m,10.49,1km/h
107,T,08/12/06,06:30:07,47.90935,N,106.91260,E,1305.1m,114.4,0km/h
108,T,08/12/06,06:30:10,47.90935,N,106.91260,E,1304.8m,87.07,0km/h
109,T,08/12/06,06:30:12,47.90935,N,106.91260,E,1304.7m,31.99,1km/h
110,T,08/12/06,06:30:16,47.90935,N,106.91260,E,1304.6m,130.4,0km/h
111,T,08/12/06,06:30:19,47.90935,N,106.91261,E,1304.3m,84.52,1km/h
112,T,08/12/06,06:30:21,47.90935,N,106.91261,E,1303.9m,101.9,1km/h
113,T,08/12/06,06:30:24,47.90935,N,106.91261,E,1303.5m,95.61,1km/h
114,T,08/12/06,06:30:27,47.90935,N,106.91261,E,1302.7m,106.1,0km/h
115,T,08/12/06,06:30:30,47.90934,N,106.91260,E,1302.2m,131.3,1km/h
116,T,08/12/06,06:30:33,47.90934,N,106.91260,E,1301.5m,141.2,1km/h
117,T,08/12/06,06:30:36,47.90933,N,106.91259,E,1300.6m,7.13,0km/h
118,T,08/12/06,06:30:39,47.90933,N,106.91259,E,1300.0m,15.50,1km/h
119,T,08/12/06,06:30:42,47.90933,N,106.91259,E,1299.7m,60.61,1km/h
120,T,08/12/06,06:30:45,47.90933,N,106.91259,E,1300.0m,138.9,1km/h
121,T,08/12/06,06:30:47,47.90933,N,106.91259,E,1300.2m,118.0,1km/h
122,T,08/12/06,06:30:50,47.90934,N,106.91259,E,1300.3m,26.33,1km/h
123,T,08/12/06,06:30:53,47.90934,N,106.91259,E,1300.7m,15.18,1km/h
124,T,08/12/06,06:30:56,47.90934,N,106.91259,E,1301.2m,12.51,1km/h
125,T,08/12/06,06:30:59,47.90934,N,106.91259,E,1301.3m,131.9,0km/h
126,T,08/12/06,06:31:02,47.90935,N,106.91260,E,1301.6m,57.39,1km/h
127,T,08/12/06,06:31:05,47.90935,N,106.91260,E,1302.1m,60.00,1km/h
128,T,08/12/06,06:31:07,47.90935,N,106.91260,E,1302.5m,61.73,0km/h
129,T,08/12/06,06:31:11,47.90936,N,106.91260,E,1302.8m,15.06,1km/h
130,T,08/12/06,06:31:14,47.90936,N,106.91260,E,1302.8m,15.17,1km/h
131,T,08/12/06,06:31:17,47.90936,N,106.91261,E,1302.8m,110.7,0km/h
132,T,08/12/06,06:31:19,47.90936,N,106.91261,E,1303.0m,43.05,0km/h
133,T,08/12/06,06:31:22,47.90936,N,106.91261,E,1303.2m,46.86,0km/h
134,T,08/12/06,06:31:25,47.90936,N,106.91261,E,1303.2m,100.4,0km/h
135,T,08/12/06,06:31:28,47.90936,N,106.91261,E,1303.2m,131.2,0km/h
136,T,08/12/06,06:31:31,47.90936,N,106.91261,E,1303.2m,186.2,0km/h
137,T,08/12/06,06:31:34,47.90936,N,106.91260,E,1303.3m,177.4,0km/h
138,T,08/12/06,06:31:37,47.90936,N,106.91260,E,1303.2m,8.21,1km/h
139,T,08/12/06,06:31:40,47.90936,N,106.91260,E,1303.1m,43.67,0km/h
140,T,08/12/06,06:31:42,47.90936,N,106.91260,E,1303.2m,13.77,0km/h
141,T,08/12/06,06:31:46,47.90936,N,106.91260,E,1303.0m,356.3,0km/h
142,T,08/12/06,06:31:48,47.90936,N,106.91259,E,1302.4m,4.78,1km/h
143,T,08/12/06,06:31:51,47.90936,N,106.91259,E,1302.0m,17.62,0km/h
144,T,08/12/06,06:31:54,47.90936,N,106.91259,E,1301.9m,2.84,0km/h
145,T,08/12/06,06:31:57,47.90936,N,106.91259,E,1302.0m,357.8,0km/h
146,T,08/12/06,06:32:00,47.90936,N,106.91259,E,1302.0m,349.9,0km/h
147,T,08/12/06,06:32:02,47.90936,N,106.91258,E,1302.0m,347.8,0km/h
148,T,08/12/06,06:32:06,47.90936,N,106.91258,E,1302.1m,357.4,3km/h
149,T,08/12/06,06:32:09,47.90936,N,106.91258,E,1302.4m,355.7,1km/h
150,T,08/12/06,06:32:12,47.90936,N,106.91258,E,1302.6m,345.8,1km/h
151,T,08/12/06,06:32:15,47.90936,N,106.91258,E,1302.8m,356.6,1km/h
152,T,08/12/06,06:32:17,47.90936,N,106.91258,E,1303.0m,15.29,1km/h
153,T,08/12/06,06:32:20,47.90936,N,106.91258,E,1303.2m,33.24,1km/h
154,T,08/12/06,06:32:23,47.90936,N,106.91258,E,1303.2m,24.85,0km/h
155,T,08/12/06,06:32:26,47.90935,N,106.91258,E,1303.1m,82.70,1km/h
156,T,08/12/06,06:32:29,47.90935,N,106.91258,E,1302.9m,77.86,0km/h
157,T,08/12/06,06:32:32,47.90935,N,106.91258,E,1302.9m,65.21,0km/h
158,T,08/12/06,06:32:35,47.90934,N,106.91259,E,1303.0m,29.80,1km/h
159,T,08/12/06,06:32:37,47.90934,N,106.91259,E,1302.9m,32.58,1km/h
160,T,08/12/06,06:32:41,47.90933,N,106.91259,E,1302.8m,12.25,0km/h
161,T,08/12/06,06:32:43,47.90933,N,106.91259,E,1302.8m,4.82,0km/h
162,T,08/12/06,06:32:46,47.90933,N,106.91259,E,1302.8m,351.7,0km/h
163,T,08/12/06,06:32:49,47.90933,N,106.91259,E,1302.8m,12.09,1km/h
164,T,08/12/06,06:32:52,47.90932,N,106.91259,E,1302.7m,16.20,1km/h
165,T,08/12/06,06:32:55,47.90932,N,106.91259,E,1302.7m,356.3,0km/h
166,T,08/12/06,06:32:57,47.90932,N,106.91259,E,1302.7m,344.9,0km/h
167,T,08/12/06,06:33:01,47.90932,N,106.91259,E,1302.8m,4.19,0km/h
168,T,08/12/06,06:33:04,47.90932,N,106.91259,E,1302.8m,4.65,0km/h
169,T,08/12/06,06:33:07,47.90931,N,106.91260,E,1302.9m,87.53,0km/h
170,T,08/12/06,06:33:10,47.90932,N,106.91260,E,1303.3m,350.8,0km/h
171,T,08/12/06,06:33:12,47.90932,N,106.91260,E,1303.6m,72.34,0km/h
172,T,08/12/06,06:33:15,47.90932,N,106.91260,E,1304.0m,116.8,0km/h
173,T,08/12/06,06:33:18,47.90932,N,106.91260,E,1304.4m,0.70,0km/h
174,T,08/12/06,06:33:21,47.90933,N,106.91260,E,1304.8m,78.79,0km/h
175,T,08/12/06,06:33:24,47.90933,N,106.91260,E,1305.0m,119.0,0km/h
176,T,08/12/06,06:33:27,47.90933,N,106.91260,E,1305.6m,46.16,0km/h
177,T,08/12/06,06:33:30,47.90933,N,106.91261,E,1306.4m,102.7,0km/h
178,T,08/12/06,06:33:32,47.90933,N,106.91262,E,1307.6m,81.32,0km/h
179,T,08/12/06,06:33:36,47.90934,N,106.91263,E,1308.9m,14.24,1km/h
180,T,08/12/06,06:33:39,47.90934,N,106.91264,E,1309.8m,358.5,1km/h
181,T,08/12/06,06:33:41,47.90934,N,106.91265,E,1310.7m,29.05,1km/h
182,T,08/12/06,06:33:44,47.90934,N,106.91265,E,1311.3m,14.37,1km/h
183,T,08/12/06,06:33:47,47.90934,N,106.91266,E,1311.8m,352.0,0km/h
184,T,08/12/06,06:33:50,47.90935,N,106.91266,E,1312.3m,12.84,1km/h
185,T,08/12/06,06:33:53,47.90935,N,106.91266,E,1312.8m,28.33,1km/h
186,T,08/12/06,06:33:56,47.90935,N,106.91267,E,1313.2m,26.48,1km/h
187,T,08/12/06,06:33:59,47.90935,N,106.91267,E,1313.5m,24.17,0km/h
188,T,08/12/06,06:34:02,47.90935,N,106.91268,E,1313.7m,64.15,0km/h
189,T,08/12/06,06:34:05,47.90935,N,106.91268,E,1313.9m,47.41,1km/h
190,T,08/12/06,06:34:07,47.90935,N,106.91268,E,1314.3m,39.48,1km/h
191,T,08/12/06,06:34:10,47.90935,N,106.91268,E,1314.6m,30.37,0km/h
192,T,08/12/06,06:34:13,47.90935,N,106.91268,E,1315.1m,46.59,0km/h
193,T,08/12/06,06:34:16,47.90936,N,106.91268,E,1315.8m,48.53,1km/h
194,T,08/12/06,06:34:19,47.90937,N,106.91268,E,1316.4m,56.33,1km/h
195,T,08/12/06,06:34:22,47.90937,N,106.91268,E,1317.4m,22.82,0km/h
196,T,08/12/06,06:34:25,47.90938,N,106.91268,E,1318.1m,25.97,0km/h
197,T,08/12/06,06:34:27,47.90939,N,106.91268,E,1319.1m,90.36,0km/h
198,T,08/12/06,06:34:31,47.90939,N,106.91268,E,1320.3m,24.82,1km/h
199,T,08/12/06,06:34:34,47.90940,N,106.91268,E,1321.0m,214.9,0km/h
200,T,08/12/06,06:34:37,47.90940,N,106.91268,E,1321.5m,21.17,1km/h
201,T,08/12/06,06:34:39,47.90940,N,106.91268,E,1321.9m,176.5,0km/h
202,T,08/12/06,06:34:42,47.90940,N,106.91268,E,1322.9m,27.25,0km/h
203,T,08/12/06,06:34:45,47.90940,N,106.91268,E,1322.7m,6.41,3km/h
204,T,08/12/06,06:34:48,47.90940,N,106.91269,E,1322.6m,13.65,1km/h
205,T,08/12/06,06:34:51,47.90940,N,106.91270,E,1322.3m,26.50,0km/h
206,T,08/12/06,06:34:54,47.90939,N,106.91270,E,1322.3m,78.85,1km/h
207,T,08/12/06,06:34:57,47.90939,N,106.91271,E,1322.4m,65.77,1km/h
208,T,08/12/06,06:35:00,47.90939,N,106.91271,E,1322.3m,103.8,0km/h
209,T,08/12/06,06:35:02,47.90938,N,106.91272,E,1322.1m,47.13,0km/h
210,T,08/12/06,06:35:06,47.90938,N,106.91272,E,1322.1m,51.20,1km/h
211,T,08/12/06,06:35:08,47.90938,N,106.91272,E,1322.2m,29.32,1km/h
212,T,08/12/06,06:35:11,47.90938,N,106.91272,E,1322.2m,108.7,0km/h
213,T,08/12/06,06:35:14,47.90938,N,106.91273,E,1322.2m,102.0,0km/h
214,T,08/12/06,06:35:17,47.90937,N,106.91273,E,1322.2m,49.93,1km/h
215,T,08/12/06,06:35:20,47.90937,N,106.91273,E,1322.3m,84.83,0km/h
216,T,08/12/06,06:35:22,47.90937,N,106.91273,E,1322.7m,117.8,1km/h
217,T,08/12/06,06:35:26,47.90937,N,106.91274,E,1323.0m,85.26,1km/h
218,T,08/12/06,06:35:29,47.90937,N,106.91274,E,1323.1m,86.57,0km/h
219,T,08/12/06,06:35:32,47.90937,N,106.91274,E,1323.2m,145.2,0km/h
220,T,08/12/06,06:35:35,47.90936,N,106.91274,E,1323.0m,97.42,0km/h
221,T,08/12/06,06:35:37,47.90936,N,106.91273,E,1322.7m,59.58,0km/h
222,T,08/12/06,06:35:40,47.90936,N,106.91273,E,1322.3m,342.1,0km/h
223,T,08/12/06,06:35:43,47.90935,N,106.91273,E,1322.2m,6.97,0km/h
224,T,08/12/06,06:35:46,47.90935,N,106.91273,E,1322.2m,160.5,0km/h
225,T,08/12/06,06:35:49,47.90934,N,106.91272,E,1322.2m,84.32,0km/h
226,T,08/12/06,06:35:52,47.90934,N,106.91272,E,1322.2m,9.86,0km/h
227,T,08/12/06,06:35:55,47.90934,N,106.91273,E,1323.2m,359.8,1km/h
228,T,08/12/06,06:35:57,47.90934,N,106.91274,E,1324.2m,22.70,0km/h
229,T,08/12/06,06:36:01,47.90934,N,106.91275,E,1325.1m,98.36,0km/h
230,T,08/12/06,06:36:03,47.90933,N,106.91276,E,1326.1m,100.4,0km/h
231,T,08/12/06,06:36:06,47.90933,N,106.91276,E,1326.8m,129.9,0km/h
232,T,08/12/06,06:36:09,47.90933,N,106.91277,E,1327.4m,38.19,0km/h
233,T,08/12/06,06:36:12,47.90933,N,106.91277,E,1327.7m,63.25,0km/h
234,T,08/12/06,06:36:15,47.90932,N,106.91278,E,1328.2m,92.28,0km/h
235,T,08/12/06,06:36:18,47.90932,N,106.91278,E,1329.0m,150.5,0km/h
236,T,08/12/06,06:36:21,47.90933,N,106.91278,E,1329.9m,26.34,0km/h
237,T,08/12/06,06:36:24,47.90933,N,106.91278,E,1330.5m,21.81,1km/h
238,T,08/12/06,06:36:27,47.90934,N,106.91278,E,1330.9m,65.56,0km/h
239,T,08/12/06,06:36:30,47.90934,N,106.91278,E,1331.4m,1.74,0km/h
240,T,08/12/06,06:36:32,47.90934,N,106.91278,E,1331.9m,0.77,0km/h
241,T,08/12/06,06:36:35,47.90935,N,106.91277,E,1332.2m,73.42,0km/h
242,T,08/12/06,06:36:38,47.90935,N,106.91277,E,1332.4m,36.12,1km/h
243,T,08/12/06,06:36:41,47.90935,N,106.91277,E,1332.7m,43.40,0km/h
244,T,08/12/06,06:36:44,47.90935,N,106.91277,E,1333.1m,54.05,0km/h
245,T,08/12/06,06:36:47,47.90936,N,106.91277,E,1333.7m,58.38,0km/h
246,T,08/12/06,06:36:50,47.90936,N,106.91277,E,1334.1m,38.47,1km/h
247,T,08/12/06,06:36:52,47.90935,N,106.91277,E,1333.1m,127.5,1km/h
248,T,08/12/06,06:36:56,47.90933,N,106.91278,E,1332.6m,143.5,1km/h
249,T,08/12/06,06:36:59,47.90932,N,106.91279,E,1332.0m,6.34,1km/h
250,T,08/12/06,06:37:01,47.90931,N,106.91279,E,1331.5m,7.99,0km/h
251,T,08/12/06,06:37:04,47.90930,N,106.91280,E,1330.9m,50.81,0km/h
252,T,08/12/06,06:37:07,47.90929,N,106.91280,E,1330.2m,27.89,1km/h
253,T,08/12/06,06:37:10,47.90929,N,106.91280,E,1329.7m,122.4,0km/h
254,T,08/12/06,06:37:13,47.90928,N,106.91280,E,1328.8m,20.33,0km/h
255,T,08/12/06,06:37:16,47.90928,N,106.91279,E,1327.9m,153.6,1km/h
256,T,08/12/06,06:37:19,47.90927,N,106.91279,E,1327.4m,145.1,1km/h
257,T,08/12/06,06:37:22,47.90927,N,106.91280,E,1327.2m,338.5,0km/h
258,T,08/12/06,06:37:25,47.90927,N,106.91280,E,1327.0m,55.34,0km/h
259,T,08/12/06,06:37:27,47.90927,N,106.91280,E,1326.7m,125.4,0km/h
260,T,08/12/06,06:37:30,47.90928,N,106.91280,E,1326.8m,34.57,0km/h
261,T,08/12/06,06:37:33,47.90928,N,106.91280,E,1327.0m,6.42,1km/h
262,T,08/12/06,06:37:36,47.90929,N,106.91280,E,1327.3m,36.32,0km/h
263,T,08/12/06,06:37:39,47.90930,N,106.91281,E,1327.5m,99.95,0km/h
264,T,08/12/06,06:37:42,47.90930,N,106.91282,E,1327.9m,38.24,0km/h
265,T,08/12/06,06:37:45,47.90930,N,106.91282,E,1328.0m,52.49,0km/h
266,T,08/12/06,06:37:47,47.90930,N,106.91282,E,1327.7m,25.99,0km/h
267,T,08/12/06,06:37:51,47.90931,N,106.91281,E,1327.2m,43.57,1km/h
268,T,08/12/06,06:37:54,47.90931,N,106.91281,E,1326.7m,50.55,1km/h
269,T,08/12/06,06:37:57,47.90932,N,106.91280,E,1326.2m,39.88,1km/h
270,T,08/12/06,06:37:59,47.90932,N,106.91280,E,1325.6m,6.88,1km/h
271,T,08/12/06,06:38:02,47.90933,N,106.91279,E,1324.7m,54.67,0km/h
272,T,08/12/06,06:38:05,47.90934,N,106.91278,E,1324.0m,41.37,1km/h
273,T,08/12/06,06:38:08,47.90934,N,106.91277,E,1323.6m,39.52,1km/h
274,T,08/12/06,06:38:11,47.90935,N,106.91276,E,1322.8m,95.46,0km/h
275,T,08/12/06,06:38:14,47.90936,N,106.91276,E,1322.1m,123.2,0km/h
276,T,08/12/06,06:38:17,47.90936,N,106.91275,E,1321.5m,49.53,0km/h
277,T,08/12/06,06:38:20,47.90936,N,106.91275,E,1321.1m,56.48,0km/h
278,T,08/12/06,06:38:22,47.90937,N,106.91274,E,1320.6m,37.12,1km/h
279,T,08/12/06,06:38:25,47.90937,N,106.91274,E,1320.3m,63.75,0km/h
280,T,08/12/06,06:38:28,47.90938,N,106.91273,E,1320.4m,118.6,0km/h
281,T,08/12/06,06:38:31,47.90939,N,106.91273,E,1320.7m,49.11,1km/h
282,T,08/12/06,06:38:34,47.90941,N,106.91273,E,1321.0m,38.26,1km/h
283,T,08/12/06,06:38:37,47.90942,N,106.91273,E,1321.3m,34.22,1km/h
284,T,08/12/06,06:38:40,47.90943,N,106.91273,E,1321.7m,49.93,1km/h
285,T,08/12/06,06:38:42,47.90944,N,106.91273,E,1322.4m,56.61,0km/h
286,T,08/12/06,06:38:46,47.90946,N,106.91273,E,1323.0m,33.16,0km/h
287,T,08/12/06,06:38:49,47.90947,N,106.91273,E,1323.6m,62.03,0km/h
288,T,08/12/06,06:38:52,47.90948,N,106.91273,E,1324.1m,36.13,0km/h
289,T,08/12/06,06:38:54,47.90949,N,106.91273,E,1324.5m,44.60,0km/h
290,T,08/12/06,06:38:57,47.90950,N,106.91273,E,1324.7m,44.16,0km/h
291,T,08/12/06,06:39:00,47.90951,N,106.91273,E,1324.7m,129.1,0km/h
292,T,08/12/06,06:39:03,47.90951,N,106.91273,E,1324.6m,95.70,0km/h
293,T,08/12/06,06:39:06,47.90952,N,106.91273,E,1324.0m,40.40,1km/h
294,T,08/12/06,06:39:09,47.90952,N,106.91273,E,1323.4m,40.24,1km/h
295,T,08/12/06,06:39:12,47.90952,N,106.91274,E,1322.4m,47.23,0km/h
296,T,08/12/06,06:39:15,47.90952,N,106.91274,E,1321.7m,117.6,0km/h
297,T,08/12/06,06:39:17,47.90952,N,106.91274,E,1320.8m,95.66,0km/h
298,T,08/12/06,06:39:21,47.90952,N,106.91275,E,1319.9m,50.72,1km/h
299,T,08/12/06,06:39:23,47.90952,N,106.91275,E,1319.1m,86.05,1km/h
300,T,08/12/06,06:39:26,47.90952,N,106.91276,E,1318.1m,93.05,0km/h
301,T,08/12/06,06:39:29,47.90952,N,106.91276,E,1316.6m,103.5,1km/h
302,T,08/12/06,06:39:32,47.90952,N,106.91276,E,1315.1m,108.9,1km/h
303,T,08/12/06,06:39:35,47.90951,N,106.91277,E,1314.1m,81.35,0km/h
304,T,08/12/06,06:39:38,47.90951,N,106.91278,E,1312.7m,62.54,0km/h
305,T,08/12/06,06:39:41,47.90951,N,106.91278,E,1311.5m,96.86,0km/h
306,T,08/12/06,06:39:44,47.90952,N,106.91279,E,1310.0m,37.51,1km/h
307,T,08/12/06,06:39:47,47.90952,N,106.91279,E,1308.7m,71.61,3km/h
308,T,08/12/06,06:39:50,47.90951,N,106.91280,E,1308.3m,93.61,1km/h
309,T,08/12/06,06:39:52,47.90951,N,106.91281,E,1308.2m,91.61,0km/h
310,T,08/12/06,06:39:55,47.90952,N,106.91280,E,1306.9m,54.94,0km/h
311,T,08/12/06,06:39:58,47.90953,N,106.91281,E,1305.9m,35.11,1km/h
312,T,08/12/06,06:40:01,47.90952,N,106.91281,E,1305.8m,16.64,5km/h
313,T,08/12/06,06:40:04,47.90953,N,106.91281,E,1306.1m,16.60,5km/h
314,T,08/12/06,06:40:07,47.90954,N,106.91280,E,1306.0m,356.2,1.8km/h
315,T,08/12/06,06:40:10,47.90954,N,106.91279,E,1305.0m,330.5,1.6km/h
316,T,08/12/06,06:40:12,47.90953,N,106.91278,E,1304.6m,130.2,2.0km/h
317,T,08/12/06,06:40:16,47.90952,N,106.91286,E,1303.5m,56.16,8.1km/h
318,T,08/12/06,06:40:19,47.90957,N,106.91288,E,1302.0m,347.7,8.7km/h
319,T,08/12/06,06:40:21,47.90959,N,106.91286,E,1300.3m,333.7,2.7km/h
320,T,08/12/06,06:40:24,47.90957,N,106.91285,E,1298.9m,163.7,3.7km/h
321,T,08/12/06,06:40:27,47.90952,N,106.91285,E,1298.5m,153.8,4.4km/h
322,T,08/12/06,06:40:30,47.90949,N,106.91286,E,1298.0m,137.9,2.0km/h
323,T,08/12/06,06:40:33,47.90947,N,106.91286,E,1297.7m,150.6,2.0km/h
324,T,08/12/06,06:40:36,47.90945,N,106.91284,E,1297.8m,235.9,2.2km/h
325,T,08/12/06,06:40:39,47.90944,N,106.91277,E,1297.8m,265.6,8.8km/h
326,T,08/12/06,06:40:42,47.90944,N,106.91264,E,1297.2m,284.5,11.6km/h
327,T,08/12/06,06:40:45,47.90947,N,106.91254,E,1296.7m,289.7,4.8km/h
328,T,08/12/06,06:40:47,47.90946,N,106.91251,E,1297.6m,169.1,0km/h
329,T,08/12/06,06:40:50,47.90945,N,106.91249,E,1297.8m,279.0,1.1km/h
330,T,08/12/06,06:40:53,47.90943,N,106.91241,E,1298.3m,237.4,10.1km/h
331,T,08/12/06,06:40:56,47.90934,N,106.91232,E,1298.5m,205.1,15.5km/h
332,T,08/12/06,06:40:59,47.90919,N,106.91222,E,1298.5m,203.1,23.8km/h
333,T,08/12/06,06:41:02,47.90900,N,106.91209,E,1298.4m,202.7,27.7km/h
334,T,08/12/06,06:41:05,47.90880,N,106.91196,E,1298.4m,202.2,28.1km/h
335,T,08/12/06,06:41:07,47.90867,N,106.91188,E,1298.8m,201.7,24.0km/h
336,T,08/12/06,06:41:11,47.90849,N,106.91176,E,1298.9m,201.0,14.2km/h
337,T,08/12/06,06:41:14,47.90841,N,106.91172,E,1298.5m,199.0,6.4km/h
338,T,08/12/06,06:41:17,47.90838,N,106.91170,E,1298.2m,200.7,2.0km/h
339,T,08/12/06,06:41:19,47.90837,N,106.91169,E,1298.6m,189.7,5.7km/h
340,T,08/12/06,06:41:22,47.90829,N,106.91166,E,1298.0m,190.0,14.4km/h
341,T,08/12/06,06:41:25,47.90817,N,106.91171,E,1297.8m,135.9,20.1km/h
342,T,08/12/06,06:41:28,47.90810,N,106.91195,E,1297.6m,94.96,26.4km/h
343,T,08/12/06,06:41:31,47.90810,N,106.91229,E,1297.6m,88.50,31.6km/h
344,T,08/12/06,06:41:34,47.90811,N,106.91266,E,1298.0m,86.97,35.0km/h
345,T,08/12/06,06:41:37,47.90815,N,106.91308,E,1298.3m,87.00,38.5km/h
346,T,08/12/06,06:41:40,47.90816,N,106.91356,E,1298.6m,90.84,38.3km/h
347,T,08/12/06,06:41:42,47.90813,N,106.91385,E,1298.2m,93.65,41.2km/h
348,T,08/12/06,06:41:46,47.90808,N,106.91445,E,1297.9m,94.03,40.0km/h
349,T,08/12/06,06:41:48,47.90807,N,106.91473,E,1297.5m,93.63,35.7km/h
350,T,08/12/06,06:41:51,47.90806,N,106.91505,E,1297.4m,84.54,20.5km/h
351,T,08/12/06,06:41:54,47.90811,N,106.91517,E,1296.9m,33.74,15.0km/h
352,T,08/12/06,06:41:57,47.90825,N,106.91520,E,1296.2m,358.7,22.5km/h
353,T,08/12/06,06:42:00,47.90845,N,106.91521,E,1295.2m,2.86,29.8km/h
354,T,08/12/06,06:42:02,47.90861,N,106.91522,E,1294.9m,2.32,33.8km/h
355,T,08/12/06,06:42:06,47.90897,N,106.91524,E,1294.9m,2.62,37.7km/h
356,T,08/12/06,06:42:09,47.90928,N,106.91526,E,1294.8m,2.62,41.8km/h
357,T,08/12/06,06:42:12,47.90960,N,106.91528,E,1294.5m,2.83,42.2km/h
358,T,08/12/06,06:42:14,47.90981,N,106.91529,E,1294.3m,2.26,37.5km/h
359,T,08/12/06,06:42:17,47.91008,N,106.91531,E,1294.0m,359.5,31.6km/h
360,T,08/12/06,06:42:20,47.91032,N,106.91521,E,1293.3m,333.8,29.4km/h
361,T,08/12/06,06:42:23,47.91047,N,106.91497,E,1292.6m,296.0,28.5km/h
362,T,08/12/06,06:42:26,47.91054,N,106.91467,E,1292.0m,287.0,25.0km/h
363,T,08/12/06,06:42:29,47.91061,N,106.91446,E,1291.6m,312.5,16.8km/h
364,T,08/12/06,06:42:32,47.91070,N,106.91438,E,1291.7m,346.5,18.8km/h
365,T,08/12/06,06:42:35,47.91084,N,106.91439,E,1291.5m,13.79,16.2km/h
366,T,08/12/06,06:42:37,47.91092,N,106.91442,E,1292.0m,16.18,16.2km/h
367,T,08/12/06,06:42:41,47.91111,N,106.91449,E,1292.4m,13.67,25.0km/h
368,T,08/12/06,06:42:43,47.91122,N,106.91450,E,1293.6m,15.53,32.7km/h
369,T,08/12/06,06:42:46,47.91150,N,106.91466,E,1294.5m,13.83,40.9km/h
370,T,08/12/06,06:42:49,47.91183,N,106.91476,E,1295.1m,11.80,44.4km/h
371,T,08/12/06,06:42:52,47.91217,N,106.91486,E,1295.1m,12.22,46.3km/h
372,T,08/12/06,06:42:55,47.91252,N,106.91497,E,1294.9m,11.02,47.5km/h
373,T,08/12/06,06:42:58,47.91286,N,106.91507,E,1295.1m,11.06,46.1km/h
374,T,08/12/06,06:43:01,47.91318,N,106.91516,E,1295.5m,11.47,40.7km/h
375,T,08/12/06,06:43:04,47.91345,N,106.91525,E,1296.3m,11.94,36.6km/h
376,T,08/12/06,06:43:07,47.91369,N,106.91533,E,1297.3m,11.11,30.1km/h
377,T,08/12/06,06:43:10,47.91385,N,106.91538,E,1299.1m,10.38,22.4km/h
378,T,08/12/06,06:43:12,47.91393,N,106.91541,E,1301.3m,11.70,20.1km/h
379,T,08/12/06,06:43:15,47.91404,N,106.91544,E,1303.4m,6.03,12.4km/h
380,T,08/12/06,06:43:18,47.91410,N,106.91544,E,1305.3m,11.48,9.2km/h
381,T,08/12/06,06:43:21,47.91418,N,106.91546,E,1305.8m,11.53,10.3km/h
382,T,08/12/06,06:43:24,47.91428,N,106.91547,E,1304.8m,12.26,10.7km/h
383,T,08/12/06,06:43:27,47.91436,N,106.91550,E,1303.6m,12.45,10.0km/h
384,T,08/12/06,06:43:30,47.91440,N,106.91555,E,1303.0m,39.34,5.1km/h
385,T,08/12/06,06:43:32,47.91442,N,106.91556,E,1302.8m,9.49,4.0km/h
386,T,08/12/06,06:43:36,47.91449,N,106.91558,E,1303.1m,11.65,6.6km/h
387,T,08/12/06,06:43:39,47.91454,N,106.91561,E,1302.9m,13.09,5.7km/h
388,T,08/12/06,06:43:41,47.91457,N,106.91562,E,1302.5m,17.65,4.0km/h
389,T,08/12/06,06:43:44,47.91462,N,106.91563,E,1302.4m,12.38,3.8km/h
390,T,08/12/06,06:43:47,47.91465,N,106.91564,E,1302.5m,25.92,3.1km/h
391,T,08/12/06,06:43:50,47.91468,N,106.91566,E,1302.3m,23.19,2.7km/h
392,T,08/12/06,06:43:53,47.91469,N,106.91566,E,1301.2m,113.4,1km/h
393,T,08/12/06,06:43:56,47.91469,N,106.91567,E,1300.2m,23.87,9km/h
394,T,08/12/06,06:43:59,47.91470,N,106.91567,E,1299.5m,17.49,2.0km/h
395,T,08/12/06,06:44:02,47.91472,N,106.91567,E,1299.0m,0.33,2.7km/h
396,T,08/12/06,06:44:05,47.91474,N,106.91567,E,1298.4m,12.70,5km/h
397,T,08/12/06,06:44:07,47.91474,N,106.91567,E,1298.4m,41.06,5km/h
398,T,08/12/06,06:44:10,47.91478,N,106.91568,E,1298.0m,12.37,10.1km/h
399,T,08/12/06,06:44:13,47.91486,N,106.91570,E,1297.6m,12.22,6.8km/h
400,T,08/12/06,06:44:16,47.91491,N,106.91571,E,1297.0m,13.37,7.7km/h
401,T,08/12/06,06:44:19,47.91498,N,106.91574,E,1296.4m,12.20,11.4km/h
402,T,08/12/06,06:44:22,47.91508,N,106.91577,E,1295.7m,12.88,14.2km/h
403,T,08/12/06,06:44:25,47.91519,N,106.91581,E,1295.3m,11.74,15.5km/h
404,T,08/12/06,06:44:27,47.91527,N,106.91583,E,1295.3m,14.25,14.6km/h
405,T,08/12/06,06:44:31,47.91542,N,106.91588,E,1295.4m,12.10,11.8km/h
406,T,08/12/06,06:44:34,47.91553,N,106.91590,E,1295.4m,11.02,16.4km/h
407,T,08/12/06,06:44:37,47.91567,N,106.91593,E,1296.1m,13.82,18.8km/h
408,T,08/12/06,06:44:39,47.91576,N,106.91596,E,1296.2m,12.49,13.7km/h
409,T,08/12/06,06:44:42,47.91581,N,106.91597,E,1295.9m,15.58,5km/h
410,T,08/12/06,06:44:45,47.91581,N,106.91597,E,1296.1m,67.36,0km/h
411,T,08/12/06,06:44:48,47.91581,N,106.91596,E,1296.5m,32.55,1km/h
412,T,08/12/06,06:44:51,47.91580,N,106.91596,E,1297.0m,85.00,1km/h
413,T,08/12/06,06:44:54,47.91580,N,106.91596,E,1297.3m,89.54,1km/h
414,T,08/12/06,06:44:57,47.91579,N,106.91596,E,1297.8m,67.60,1km/h
415,T,08/12/06,06:45:00,47.91579,N,106.91596,E,1298.0m,94.10,1km/h
416,T,08/12/06,06:45:02,47.91579,N,106.91596,E,1298.4m,25.16,0km/h
417,T,08/12/06,06:45:05,47.91579,N,106.91596,E,1298.7m,66.57,0km/h
418,T,08/12/06,06:45:08,47.91578,N,106.91596,E,1299.0m,55.04,0km/h
419,T,08/12/06,06:45:11,47.91578,N,106.91596,E,1299.3m,141.4,0km/h
420,T,08/12/06,06:45:14,47.91578,N,106.91595,E,1299.5m,133.6,0km/h
421,T,08/12/06,06:45:17,47.91578,N,106.91595,E,1299.7m,114.4,0km/h
422,T,08/12/06,06:45:20,47.91577,N,106.91595,E,1299.7m,156.1,0km/h
423,T,08/12/06,06:45:22,47.91578,N,106.91595,E,1300.0m,13.81,2.5km/h
424,T,08/12/06,06:45:26,47.91590,N,106.91600,E,1300.1m,14.69,19.0km/h
425,T,08/12/06,06:45:29,47.91605,N,106.91605,E,1300.2m,14.80,23.1km/h
426,T,08/12/06,06:45:32,47.91626,N,106.91613,E,1300.3m,15.11,23.1km/h
427,T,08/12/06,06:45:34,47.91634,N,106.91615,E,1299.4m,16.40,4.4km/h
428,T,08/12/06,06:45:37,47.91636,N,106.91616,E,1299.3m,64.95,1km/h
429,T,08/12/06,06:45:40,47.91638,N,106.91616,E,1299.6m,56.50,0km/h
430,T,08/12/06,06:45:43,47.91639,N,106.91616,E,1299.9m,27.84,1km/h
431,T,08/12/06,06:45:46,47.91640,N,106.91616,E,1300.5m,34.00,1km/h
432,T,08/12/06,06:45:49,47.91641,N,106.91616,E,1301.0m,42.03,0km/h
433,T,08/12/06,06:45:52,47.91641,N,106.91616,E,1301.5m,34.36,0km/h
434,T,08/12/06,06:45:55,47.91642,N,106.91616,E,1302.0m,89.76,1km/h
435,T,08/12/06,06:45:57,47.91642,N,106.91616,E,1302.4m,61.06,0km/h
436,T,08/12/06,06:46:01,47.91643,N,106.91616,E,1303.0m,90.73,1km/h
437,T,08/12/06,06:46:03,47.91642,N,106.91616,E,1302.0m,86.16,0km/h
438,T,08/12/06,06:46:06,47.91641,N,106.91617,E,1300.4m,127.0,1km/h
439,T,08/12/06,06:46:09,47.91640,N,106.91617,E,1299.1m,143.6,0km/h
440,T,08/12/06,06:46:12,47.91640,N,106.91617,E,1298.5m,86.76,1km/h
441,T,08/12/06,06:46:15,47.91639,N,106.91617,E,1297.9m,66.34,1km/h
442,T,08/12/06,06:46:17,47.91639,N,106.91617,E,1297.2m,122.8,0km/h
443,T,08/12/06,06:46:21,47.91638,N,106.91617,E,1296.7m,100.9,0km/h
444,T,08/12/06,06:46:24,47.91637,N,106.91616,E,1295.3m,111.1,1km/h
445,T,08/12/06,06:46:27,47.91636,N,106.91615,E,1293.5m,105.4,1km/h
446,T,08/12/06,06:46:30,47.91635,N,106.91615,E,1292.6m,92.33,1km/h
447,T,08/12/06,06:46:32,47.91635,N,106.91614,E,1292.2m,72.75,0km/h
448,T,08/12/06,06:46:35,47.91634,N,106.91614,E,1291.8m,79.50,0km/h
449,T,08/12/06,06:46:38,47.91633,N,106.91613,E,1291.6m,88.94,1km/h
450,T,08/12/06,06:46:41,47.91633,N,106.91613,E,1291.6m,62.06,0km/h
451,T,08/12/06,06:46:44,47.91633,N,106.91613,E,1291.7m,91.64,0km/h
452,T,08/12/06,06:46:47,47.91634,N,106.91614,E,1292.2m,15.53,7.7km/h
453,T,08/12/06,06:46:50,47.91645,N,106.91618,E,1292.8m,8.45,17.7km/h
454,T,08/12/06,06:46:52,47.91655,N,106.91620,E,1293.1m,3.07,22.7km/h
455,T,08/12/06,06:46:56,47.91679,N,106.91609,E,1293.5m,311.3,23.1km/h
456,T,08/12/06,06:46:59,47.91685,N,106.91587,E,1294.1m,282.5,17.5km/h
457,T,08/12/06,06:47:01,47.91687,N,106.91577,E,1295.2m,270.6,8.5km/h
458,T,08/12/06,06:47:04,47.91687,N,106.91573,E,1295.9m,316.7,0km/h
459,T,08/12/06,06:47:07,47.91687,N,106.91573,E,1296.2m,262.1,2.0km/h
460,T,08/12/06,06:47:10,47.91687,N,106.91568,E,1296.3m,266.5,7.5km/h
461,T,08/12/06,06:47:13,47.91686,N,106.91555,E,1296.6m,262.5,12.0km/h
462,T,08/12/06,06:47:16,47.91686,N,106.91542,E,1297.2m,273.5,11.4km/h
463,T,08/12/06,06:47:19,47.91686,N,106.91532,E,1297.9m,264.8,7.0km/h
464,T,08/12/06,06:47:22,47.91685,N,106.91526,E,1298.6m,265.7,5.1km/h
465,T,08/12/06,06:47:25,47.91685,N,106.91517,E,1299.0m,265.3,9.6km/h
466,T,08/12/06,06:47:27,47.91685,N,106.91511,E,1298.6m,266.5,6.2km/h
467,T,08/12/06,06:47:30,47.91685,N,106.91506,E,1299.5m,266.9,4.6km/h
468,T,08/12/06,06:47:33,47.91685,N,106.91498,E,1299.7m,269.1,8.8km/h
469,T,08/12/06,06:47:36,47.91686,N,106.91488,E,1300.2m,274.1,8.3km/h
470,T,08/12/06,06:47:39,47.91686,N,106.91478,E,1300.2m,265.8,8.1km/h
471,T,08/12/06,06:47:42,47.91685,N,106.91470,E,1300.3m,269.7,6.4km/h
472,T,08/12/06,06:47:45,47.91685,N,106.91465,E,1301.0m,258.5,2.4km/h
473,T,08/12/06,06:47:47,47.91685,N,106.91463,E,1301.4m,294.8,3km/h
474,T,08/12/06,06:47:51,47.91684,N,106.91463,E,1301.8m,109.6,0km/h
475,T,08/12/06,06:47:54,47.91684,N,106.91463,E,1302.4m,249.2,1km/h
476,T,08/12/06,06:47:56,47.91683,N,106.91462,E,1302.9m,261.0,1.4km/h
477,T,08/12/06,06:47:59,47.91683,N,106.91461,E,1303.8m,267.4,0km/h
478,T,08/12/06,06:48:02,47.91683,N,106.91461,E,1305.0m,191.3,1km/h
479,T,08/12/06,06:48:05,47.91683,N,106.91460,E,1305.7m,133.6,0km/h
480,T,08/12/06,06:48:08,47.91683,N,106.91460,E,1305.8m,249.5,7km/h
481,T,08/12/06,06:48:11,47.91683,N,106.91459,E,1306.3m,272.0,5km/h
482,T,08/12/06,06:48:14,47.91683,N,106.91459,E,1307.3m,142.8,1km/h
483,T,08/12/06,06:48:17,47.91683,N,106.91457,E,1308.8m,264.4,3.7km/h
484,T,08/12/06,06:48:20,47.91683,N,106.91450,E,1309.3m,268.3,8.5km/h
485,T,08/12/06,06:48:22,47.91682,N,106.91442,E,1309.1m,268.5,11.4km/h
486,T,08/12/06,06:48:25,47.91683,N,106.91429,E,1309.3m,266.9,8.7km/h
487,T,08/12/06,06:48:28,47.91683,N,106.91420,E,1309.6m,265.6,6.6km/h
488,T,08/12/06,06:48:31,47.91683,N,106.91413,E,1308.3m,262.5,5.3km/h
489,T,08/12/06,06:48:34,47.91682,N,106.91405,E,1308.1m,267.3,8.5km/h
490,T,08/12/06,06:48:37,47.91683,N,106.91393,E,1307.9m,269.1,12.5km/h
491,T,08/12/06,06:48:40,47.91682,N,106.91375,E,1307.7m,267.5,16.8km/h
492,T,08/12/06,06:48:42,47.91682,N,106.91362,E,1307.1m,266.6,16.6km/h
493,T,08/12/06,06:48:46,47.91680,N,106.91343,E,1306.1m,267.0,9.0km/h
494,T,08/12/06,06:48:49,47.91680,N,106.91339,E,1306.3m,56.37,0km/h
495,T,08/12/06,06:48:52,47.91681,N,106.91339,E,1307.2m,58.13,0km/h
496,T,08/12/06,06:48:54,47.91681,N,106.91339,E,1307.9m,37.48,0km/h
497,T,08/12/06,06:48:57,47.91681,N,106.91339,E,1307.2m,90.53,0km/h
498,T,08/12/06,06:49:00,47.91680,N,106.91340,E,1306.8m,117.7,0km/h
499,T,08/12/06,06:49:03,47.91680,N,106.91340,E,1306.6m,105.2,0km/h
500,T,08/12/06,06:49:06,47.91680,N,106.91341,E,1306.2m,82.10,0km/h
501,T,08/12/06,06:49:09,47.91679,N,106.91341,E,1305.8m,53.85,0km/h
502,T,08/12/06,06:49:12,47.91679,N,106.91341,E,1305.5m,117.2,0km/h
503,T,08/12/06,06:49:15,47.91678,N,106.91341,E,1305.3m,53.23,0km/h
504,T,08/12/06,06:49:17,47.91678,N,106.91342,E,1305.2m,58.47,0km/h
505,T,08/12/06,06:49:21,47.91678,N,106.91342,E,1305.1m,127.5,0km/h
506,T,08/12/06,06:49:23,47.91678,N,106.91342,E,1304.9m,149.6,0km/h
507,T,08/12/06,06:49:26,47.91677,N,106.91342,E,1304.8m,37.77,0km/h
508,T,08/12/06,06:49:29,47.91677,N,106.91342,E,1304.9m,62.62,0km/h
509,T,08/12/06,06:49:32,47.91677,N,106.91342,E,1305.1m,107.8,0km/h
510,T,08/12/06,06:49:35,47.91678,N,106.91341,E,1305.7m,265.0,2.5km/h
511,T,08/12/06,06:49:37,47.91678,N,106.91339,E,1306.6m,265.7,2.0km/h
512,T,08/12/06,06:49:41,47.91678,N,106.91336,E,1307.5m,293.1,7km/h
513,T,08/12/06,06:49:44,47.91679,N,106.91334,E,1308.3m,272.2,3.1km/h
514,T,08/12/06,06:49:47,47.91678,N,106.91329,E,1308.3m,267.4,6.1km/h
515,T,08/12/06,06:49:50,47.91678,N,106.91319,E,1308.2m,265.4,8.8km/h
516,T,08/12/06,06:49:52,47.91678,N,106.91313,E,1307.1m,267.9,7.7km/h
517,T,08/12/06,06:49:55,47.91677,N,106.91305,E,1306.3m,266.5,5.7km/h
518,T,08/12/06,06:49:58,47.91676,N,106.91295,E,1305.7m,267.7,10.1km/h
519,T,08/12/06,06:50:01,47.91676,N,106.91282,E,1305.4m,268.0,13.8km/h
520,T,08/12/06,06:50:04,47.91675,N,106.91265,E,1304.3m,266.9,16.2km/h
521,T,08/12/06,06:50:07,47.91674,N,106.91247,E,1303.4m,267.5,13.8km/h
522,T,08/12/06,06:50:10,47.91674,N,106.91236,E,1302.6m,265.4,5.9km/h
523,T,08/12/06,06:50:12,47.91673,N,106.91234,E,1302.0m,48.80,0km/h
524,T,08/12/06,06:50:16,47.91673,N,106.91233,E,1301.8m,41.43,0km/h
525,T,08/12/06,06:50:18,47.91673,N,106.91233,E,1301.8m,24.94,0km/h
526,T,08/12/06,06:50:21,47.91673,N,106.91233,E,1301.8m,80.47,0km/h
527,T,08/12/06,06:50:24,47.91673,N,106.91233,E,1301.9m,135.3,0km/h
528,T,08/12/06,06:50:27,47.91673,N,106.91232,E,1302.0m,41.96,0km/h
529,T,08/12/06,06:50:30,47.91673,N,106.91232,E,1302.0m,65.18,0km/h
530,T,08/12/06,06:50:33,47.91673,N,106.91232,E,1301.9m,106.4,0km/h
531,T,08/12/06,06:50:36,47.91673,N,106.91232,E,1302.0m,89.16,1km/h
532,T,08/12/06,06:50:39,47.91673,N,106.91232,E,1302.0m,24.04,1km/h
533,T,08/12/06,06:50:42,47.91673,N,106.91232,E,1302.1m,26.65,1km/h
534,T,08/12/06,06:50:45,47.91673,N,106.91232,E,1302.1m,46.83,0km/h
535,T,08/12/06,06:50:47,47.91673,N,106.91232,E,1302.2m,39.47,1km/h
536,T,08/12/06,06:50:50,47.91673,N,106.91232,E,1302.4m,30.09,1km/h
537,T,08/12/06,06:50:53,47.91674,N,106.91232,E,1302.6m,356.6,1km/h
538,T,08/12/06,06:50:56,47.91674,N,106.91232,E,1302.7m,351.6,1km/h
539,T,08/12/06,06:50:59,47.91674,N,106.91231,E,1302.8m,271.0,7km/h
540,T,08/12/06,06:51:02,47.91675,N,106.91226,E,1302.8m,267.9,5.5km/h
541,T,08/12/06,06:51:05,47.91676,N,106.91215,E,1302.7m,266.7,11.2km/h
542,T,08/12/06,06:51:07,47.91675,N,106.91205,E,1302.4m,263.1,15.7km/h
543,T,08/12/06,06:51:11,47.91672,N,106.91175,E,1302.0m,261.7,23.8km/h
544,T,08/12/06,06:51:14,47.91665,N,106.91141,E,1301.6m,262.0,24.0km/h
545,T,08/12/06,06:51:16,47.91663,N,106.91122,E,1301.0m,262.7,25.1km/h
546,T,08/12/06,06:51:19,47.91659,N,106.91095,E,1300.7m,263.5,22.5km/h
547,T,08/12/06,06:51:22,47.91659,N,106.91072,E,1301.9m,262.1,15.5km/h
548,T,08/12/06,06:51:25,47.91659,N,106.91057,E,1302.6m,261.7,10.9km/h
549,T,08/12/06,06:51:28,47.91657,N,106.91043,E,1302.9m,261.2,15.7km/h
550,T,08/12/06,06:51:31,47.91656,N,106.91026,E,1303.0m,265.1,17.0km/h
551,T,08/12/06,06:51:34,47.91655,N,106.91010,E,1302.3m,259.7,12.5km/h
552,T,08/12/06,06:51:37,47.91660,N,106.91014,E,1302.4m,31.96,7.9km/h
553,T,08/12/06,06:51:40,47.91658,N,106.90999,E,1302.4m,263.3,14.2km/h
554,T,08/12/06,06:51:42,47.91657,N,106.90985,E,1302.7m,262.4,17.5km/h
555,T,08/12/06,06:51:45,47.91653,N,106.90960,E,1302.9m,262.5,21.4km/h
556,T,08/12/06,06:51:48,47.91651,N,106.90934,E,1302.9m,262.9,21.6km/h
557,T,08/12/06,06:51:51,47.91649,N,106.90906,E,1302.8m,262.0,25.1km/h
558,T,08/12/06,06:51:54,47.91646,N,106.90875,E,1302.5m,262.6,28.3km/h
559,T,08/12/06,06:51:57,47.91643,N,106.90843,E,1302.4m,263.2,26.4km/h
560,T,08/12/06,06:52:00,47.91640,N,106.90816,E,1302.6m,262.5,22.7km/h
561,T,08/12/06,06:52:02,47.91638,N,106.90800,E,1302.5m,260.0,19.4km/h
562,T,08/12/06,06:52:06,47.91636,N,106.90783,E,1302.6m,260.4,8.1km/h
563,T,08/12/06,06:52:09,47.91634,N,106.90768,E,1302.7m,262.4,16.2km/h
564,T,08/12/06,06:52:12,47.91633,N,106.90746,E,1302.6m,266.8,20.7km/h
565,T,08/12/06,06:52:14,47.91634,N,106.90730,E,1302.6m,273.9,20.0km/h
566,T,08/12/06,06:52:17,47.91638,N,106.90714,E,1302.1m,320.3,13.8km/h
567,T,08/12/06,06:52:20,47.91645,N,106.90707,E,1303.3m,338.4,16.2km/h
568,T,08/12/06,06:52:23,47.91653,N,106.90702,E,1304.9m,353.6,20.1km/h
569,T,08/12/06,06:52:26,47.91662,N,106.90704,E,1310.0m,355.3,12.7km/h
570,T,08/12/06,06:52:29,47.91671,N,106.90704,E,1313.5m,355.9,12.4km/h
571,T,08/12/06,06:52:32,47.91682,N,106.90705,E,1315.0m,352.5,14.0km/h
572,T,08/12/06,06:52:35,47.91692,N,106.90701,E,1316.3m,351.7,15.9km/h
573,T,08/12/06,06:52:37,47.91699,N,106.90697,E,1318.3m,350.5,13.8km/h
574,T,08/12/06,06:52:41,47.91712,N,106.90691,E,1316.6m,350.1,6.6km/h
575,T,08/12/06,06:52:43,47.91717,N,106.90689,E,1315.5m,352.9,6.2km/h
576,T,08/12/06,06:52:46,47.91726,N,106.90688,E,1316.6m,342.8,9.8km/h
577,T,08/12/06,06:52:49,47.91740,N,106.90684,E,1316.8m,350.9,19.4km/h
578,T,08/12/06,06:52:52,47.91757,N,106.90685,E,1316.4m,356.9,19.0km/h
579,T,08/12/06,06:52:55,47.91774,N,106.90685,E,1314.7m,354.7,23.1km/h
580,T,08/12/06,06:52:57,47.91794,N,106.90683,E,1311.6m,353.3,26.4km/h
581,T,08/12/06,06:53:01,47.91824,N,106.90674,E,1309.7m,353.0,28.1km/h
582,T,08/12/06,06:53:04,47.91847,N,106.90672,E,1308.1m,354.4,31.8km/h
583,T,08/12/06,06:53:07,47.91870,N,106.90666,E,1307.8m,352.7,31.8km/h
584,T,08/12/06,06:53:10,47.91894,N,106.90663,E,1307.1m,353.8,29.0km/h
585,T,08/12/06,06:53:12,47.91907,N,106.90661,E,1307.4m,353.4,23.3km/h
586,T,08/12/06,06:53:15,47.91922,N,106.90658,E,1307.6m,353.4,17.0km/h
587,T,08/12/06,06:53:18,47.91928,N,106.90657,E,1307.8m,347.0,4.9km/h
588,T,08/12/06,06:53:21,47.91937,N,106.90655,E,1307.4m,354.6,13.7km/h
589,T,08/12/06,06:53:24,47.91953,N,106.90656,E,1304.8m,355.1,16.2km/h
590,T,08/12/06,06:53:27,47.91961,N,106.90656,E,1303.5m,357.3,7km/h
591,T,08/12/06,06:53:30,47.91961,N,106.90657,E,1302.4m,5.78,3km/h
592,T,08/12/06,06:53:32,47.91962,N,106.90657,E,1301.9m,354.9,10.0km/h
593,T,08/12/06,06:53:36,47.91978,N,106.90655,E,1301.5m,351.6,21.4km/h
594,T,08/12/06,06:53:39,47.91995,N,106.90651,E,1301.4m,352.7,23.8km/h
595,T,08/12/06,06:53:41,47.92008,N,106.90648,E,1301.2m,353.4,27.0km/h
596,T,08/12/06,06:53:44,47.92029,N,106.90641,E,1301.6m,352.9,27.2km/h
597,T,08/12/06,06:53:47,47.92046,N,106.90637,E,1301.7m,352.4,22.2km/h
598,T,08/12/06,06:53:50,47.92062,N,106.90636,E,1301.7m,353.5,18.5km/h
599,T,08/12/06,06:53:53,47.92074,N,106.90632,E,1302.7m,354.2,14.8km/h
600,T,08/12/06,06:53:56,47.92086,N,106.90630,E,1303.1m,353.2,16.4km/h
601,T,08/12/06,06:53:59,47.92094,N,106.90627,E,1306.1m,352.5,8.1km/h
602,T,08/12/06,06:54:02,47.92097,N,106.90625,E,1307.6m,124.1,1km/h
603,T,08/12/06,06:54:05,47.92096,N,106.90624,E,1309.3m,355.9,7km/h
604,T,08/12/06,06:54:07,47.92095,N,106.90622,E,1312.0m,357.3,1.4km/h
605,T,08/12/06,06:54:10,47.92094,N,106.90620,E,1314.9m,57.75,0km/h
606,T,08/12/06,06:54:13,47.92091,N,106.90617,E,1318.3m,62.28,0km/h
607,T,08/12/06,06:54:16,47.92089,N,106.90615,E,1320.2m,88.86,1km/h
608,T,08/12/06,06:54:19,47.92088,N,106.90614,E,1322.5m,75.55,1km/h
609,T,08/12/06,06:54:22,47.92086,N,106.90613,E,1324.4m,87.34,1km/h
610,T,08/12/06,06:54:25,47.92085,N,106.90613,E,1326.1m,86.18,1km/h
611,T,08/12/06,06:54:27,47.92085,N,106.90612,E,1327.5m,58.86,1km/h
612,T,08/12/06,06:54:31,47.92085,N,106.90611,E,1328.6m,24.57,1km/h
613,T,08/12/06,06:54:34,47.92085,N,106.90611,E,1328.8m,81.71,0km/h
614,T,08/12/06,06:54:36,47.92084,N,106.90610,E,1329.1m,69.11,0km/h
615,T,08/12/06,06:54:39,47.92084,N,106.90610,E,1329.4m,55.32,0km/h
616,T,08/12/06,06:54:42,47.92084,N,106.90610,E,1329.6m,56.73,1km/h
617,T,08/12/06,06:54:45,47.92084,N,106.90609,E,1330.2m,62.45,1km/h
618,T,08/12/06,06:54:48,47.92084,N,106.90609,E,1330.9m,55.81,0km/h
619,T,08/12/06,06:54:51,47.92084,N,106.90609,E,1331.4m,51.60,0km/h
620,T,08/12/06,06:54:54,47.92085,N,106.90609,E,1331.8m,46.30,1km/h
621,T,08/12/06,06:54:57,47.92085,N,106.90608,E,1332.1m,52.71,0km/h
622,T,08/12/06,06:55:00,47.92085,N,106.90608,E,1332.5m,72.90,0km/h
623,T,08/12/06,06:55:02,47.92086,N,106.90608,E,1332.8m,60.78,0km/h
624,T,08/12/06,06:55:05,47.92086,N,106.90608,E,1333.1m,50.15,0km/h
625,T,08/12/06,06:55:08,47.92087,N,106.90608,E,1333.4m,50.07,0km/h
626,T,08/12/06,06:55:11,47.92087,N,106.90609,E,1333.8m,49.36,0km/h
627,T,08/12/06,06:55:14,47.92087,N,106.90609,E,1334.0m,49.30,0km/h
628,T,08/12/06,06:55:17,47.92088,N,106.90609,E,1334.3m,47.34,0km/h
629,T,08/12/06,06:55:20,47.92088,N,106.90609,E,1334.6m,44.56,0km/h
630,T,08/12/06,06:55:22,47.92089,N,106.90609,E,1334.9m,20.84,1km/h
631,T,08/12/06,06:55:26,47.92089,N,106.90609,E,1335.2m,24.04,0km/h
632,T,08/12/06,06:55:29,47.92090,N,106.90609,E,1335.6m,20.80,1km/h
633,T,08/12/06,06:55:32,47.92091,N,106.90609,E,1335.9m,67.80,0km/h
634,T,08/12/06,06:55:34,47.92091,N,106.90609,E,1336.2m,21.39,1km/h
635,T,08/12/06,06:55:37,47.92092,N,106.90609,E,1336.6m,16.44,1km/h
636,T,08/12/06,06:55:40,47.92092,N,106.90609,E,1336.8m,39.06,0km/h
637,T,08/12/06,06:55:43,47.92093,N,106.90609,E,1337.0m,76.19,0km/h
638,T,08/12/06,06:55:46,47.92093,N,106.90609,E,1337.2m,61.03,0km/h
639,T,08/12/06,06:55:49,47.92094,N,106.90609,E,1337.5m,23.59,1km/h
640,T,08/12/06,06:55:52,47.92094,N,106.90609,E,1337.7m,50.82,0km/h
641,T,08/12/06,06:55:55,47.92094,N,106.90609,E,1337.9m,59.38,0km/h
642,T,08/12/06,06:55:57,47.92095,N,106.90609,E,1338.2m,66.98,0km/h
643,T,08/12/06,06:56:01,47.92095,N,106.90609,E,1338.4m,37.92,1km/h
644,T,08/12/06,06:56:03,47.92095,N,106.90609,E,1338.6m,27.28,1km/h
645,T,08/12/06,06:56:06,47.92096,N,106.90609,E,1338.8m,40.34,0km/h
646,T,08/12/06,06:56:09,47.92096,N,106.90609,E,1339.0m,32.73,1km/h
647,T,08/12/06,06:56:12,47.92096,N,106.90609,E,1339.1m,48.30,0km/h
648,T,08/12/06,06:56:15,47.92096,N,106.90609,E,1339.2m,33.62,0km/h
649,T,08/12/06,06:56:17,47.92097,N,106.90609,E,1339.3m,34.07,0km/h
650,T,08/12/06,06:56:21,47.92097,N,106.90609,E,1339.4m,58.22,0km/h
651,T,08/12/06,06:56:24,47.92097,N,106.90609,E,1339.5m,71.80,0km/h
652,T,08/12/06,06:56:27,47.92097,N,106.90609,E,1339.6m,58.40,0km/h
653,T,08/12/06,06:56:30,47.92097,N,106.90609,E,1339.7m,40.66,0km/h
654,T,08/12/06,06:56:32,47.92097,N,106.90609,E,1339.8m,45.73,0km/h
655,T,08/12/06,06:56:35,47.92097,N,106.90610,E,1339.9m,61.39,0km/h
656,T,08/12/06,06:56:38,47.92097,N,106.90610,E,1340.0m,59.37,0km/h
657,T,08/12/06,06:56:41,47.92097,N,106.90610,E,1340.1m,106.4,0km/h
658,T,08/12/06,06:56:44,47.92097,N,106.90610,E,1340.2m,108.9,0km/h
659,T,08/12/06,06:56:47,47.92098,N,106.90610,E,1340.3m,26.68,1km/h
660,T,08/12/06,06:56:50,47.92098,N,106.90610,E,1340.3m,26.31,0km/h
661,T,08/12/06,06:56:52,47.92098,N,106.90610,E,1340.4m,20.04,1km/h
662,T,08/12/06,06:56:56,47.92097,N,106.90610,E,1340.4m,157.6,3km/h
663,T,08/12/06,06:56:59,47.92097,N,106.90610,E,1340.5m,63.71,0km/h
664,T,08/12/06,06:57:01,47.92097,N,106.90610,E,1340.5m,114.8,0km/h
665,T,08/12/06,06:57:04,47.92098,N,106.90610,E,1340.5m,5.63,1km/h
666,T,08/12/06,06:57:07,47.92098,N,106.90610,E,1340.5m,20.82,1km/h
667,T,08/12/06,06:57:10,47.92098,N,106.90610,E,1340.5m,23.98,0km/h
668,T,08/12/06,06:57:13,47.92098,N,106.90610,E,1340.6m,95.60,0km/h
669,T,08/12/06,06:57:16,47.92098,N,106.90610,E,1340.5m,50.73,0km/h
670,T,08/12/06,06:57:19,47.92098,N,106.90610,E,1340.5m,102.2,0km/h
671,T,08/12/06,06:57:22,47.92097,N,106.90610,E,1340.8m,45.86,0km/h
672,T,08/12/06,06:57:25,47.92096,N,106.90610,E,1341.1m,93.63,0km/h
673,T,08/12/06,06:57:27,47.92095,N,106.90610,E,1341.3m,73.76,0km/h
674,T,08/12/06,06:57:30,47.92094,N,106.90610,E,1341.5m,74.83,0km/h
675,T,08/12/06,06:57:33,47.92093,N,106.90610,E,1341.8m,29.84,1km/h
676,T,08/12/06,06:57:36,47.92092,N,106.90611,E,1342.2m,117.6,0km/h
677,T,08/12/06,06:57:39,47.92090,N,106.90611,E,1342.5m,49.42,0km/h
678,T,08/12/06,06:57:42,47.92089,N,106.90612,E,1342.8m,135.1,1km/h
679,T,08/12/06,06:57:45,47.92088,N,106.90612,E,1343.0m,138.8,1km/h
680,T,08/12/06,06:57:47,47.92087,N,106.90612,E,1343.2m,143.8,0km/h
681,T,08/12/06,06:57:51,47.92086,N,106.90613,E,1343.4m,54.83,0km/h
682,T,08/12/06,06:57:54,47.92086,N,106.90613,E,1343.6m,60.22,0km/h
683,T,08/12/06,06:57:56,47.92085,N,106.90613,E,1343.7m,120.7,0km/h
684,T,08/12/06,06:57:59,47.92085,N,106.90613,E,1343.9m,22.24,1km/h
685,T,08/12/06,06:58:02,47.92085,N,106.90614,E,1344.1m,63.23,0km/h
686,T,08/12/06,06:58:05,47.92085,N,106.90614,E,1344.2m,46.91,0km/h
687,T,08/12/06,06:58:08,47.92085,N,106.90614,E,1344.4m,18.22,1km/h
688,T,08/12/06,06:58:11,47.92085,N,106.90614,E,1344.6m,65.18,0km/h
689,T,08/12/06,06:58:14,47.92086,N,106.90614,E,1344.7m,49.35,0km/h
690,T,08/12/06,06:58:17,47.92086,N,106.90614,E,1344.8m,112.6,0km/h
691,T,08/12/06,06:58:20,47.92086,N,106.90614,E,1345.0m,25.54,1km/h
692,T,08/12/06,06:58:22,47.92086,N,106.90614,E,1345.0m,35.30,1km/h
693,T,08/12/06,06:58:25,47.92087,N,106.90613,E,1344.7m,19.32,1km/h
694,T,08/12/06,06:58:28,47.92088,N,106.90613,E,1344.4m,22.95,0km/h
695,T,08/12/06,06:58:31,47.92088,N,106.90612,E,1344.3m,37.72,0km/h
696,T,08/12/06,06:58:34,47.92089,N,106.90612,E,1344.2m,36.63,0km/h
697,T,08/12/06,06:58:37,47.92089,N,106.90612,E,1344.1m,33.26,1km/h
698,T,08/12/06,06:58:40,47.92090,N,106.90611,E,1344.0m,47.67,0km/h
699,T,08/12/06,06:58:42,47.92090,N,106.90611,E,1343.9m,34.51,0km/h
700,T,08/12/06,06:58:46,47.92090,N,106.90611,E,1344.0m,102.0,0km/h
701,T,08/12/06,06:58:49,47.92090,N,106.90611,E,1344.2m,69.93,0km/h
702,T,08/12/06,06:58:52,47.92090,N,106.90611,E,1344.4m,29.63,0km/h
703,T,08/12/06,06:58:54,47.92090,N,106.90611,E,1344.6m,62.48,0km/h
704,T,08/12/06,06:58:57,47.92090,N,106.90611,E,1344.7m,22.24,1km/h
705,T,08/12/06,06:59:00,47.92089,N,106.90610,E,1344.9m,43.66,0km/h
706,T,08/12/06,06:59:03,47.92089,N,106.90610,E,1344.9m,40.28,0km/h
707,T,08/12/06,06:59:06,47.92089,N,106.90610,E,1345.0m,68.55,0km/h
708,T,08/12/06,06:59:09,47.92089,N,106.90610,E,1345.0m,43.72,0km/h
709,T,08/12/06,06:59:12,47.92089,N,106.90610,E,1345.0m,36.71,0km/h
710,T,08/12/06,06:59:15,47.92089,N,106.90610,E,1345.1m,46.76,0km/h
711,T,08/12/06,06:59:17,47.92089,N,106.90610,E,1345.1m,36.14,0km/h
712,T,08/12/06,06:59:21,47.92089,N,106.90610,E,1345.2m,50.93,0km/h
713,T,08/12/06,06:59:23,47.92089,N,106.90610,E,1345.3m,103.2,0km/h
714,T,08/12/06,06:59:26,47.92089,N,106.90610,E,1345.3m,97.56,0km/h
715,T,08/12/06,06:59:29,47.92089,N,106.90610,E,1345.3m,19.49,0km/h
716,T,08/12/06,06:59:32,47.92089,N,106.90610,E,1345.3m,53.02,0km/h
717,T,08/12/06,06:59:35,47.92089,N,106.90610,E,1345.3m,86.61,0km/h
718,T,08/12/06,06:59:37,47.92089,N,106.90610,E,1345.4m,52.12,0km/h
719,T,08/12/06,06:59:41,47.92090,N,106.90610,E,1345.4m,75.61,0km/h
720,T,08/12/06,06:59:44,47.92090,N,106.90610,E,1345.5m,37.90,0km/h
721,T,08/12/06,06:59:47,47.92090,N,106.90610,E,1345.5m,66.27,0km/h
722,T,08/12/06,06:59:49,47.92090,N,106.90610,E,1345.6m,77.49,0km/h
723,T,08/12/06,06:59:52,47.92090,N,106.90610,E,1345.7m,64.33,0km/h
724,T,08/12/06,06:59:55,47.92090,N,106.90610,E,1345.8m,67.07,0km/h
725,T,08/12/06,06:59:58,47.92091,N,106.90611,E,1345.9m,69.71,0km/h
726,T,08/12/06,07:00:01,47.92091,N,106.90611,E,1346.0m,62.70,0km/h
727,T,08/12/06,07:00:04,47.92091,N,106.90611,E,1346.1m,73.53,0km/h
728,T,08/12/06,07:00:07,47.92091,N,106.90611,E,1346.2m,73.12,0km/h
729,T,08/12/06,07:00:10,47.92091,N,106.90611,E,1346.3m,45.31,0km/h
730,T,08/12/06,07:00:12,47.92091,N,106.90611,E,1346.3m,61.37,0km/h
731,T,08/12/06,07:00:16,47.92092,N,106.90611,E,1346.4m,48.40,0km/h
732,T,08/12/06,07:00:18,47.92092,N,106.90612,E,1346.5m,52.92,0km/h
733,T,08/12/06,07:00:21,47.92092,N,106.90612,E,1346.6m,48.05,0km/h
734,T,08/12/06,07:00:24,47.92092,N,106.90612,E,1346.7m,51.12,0km/h
735,T,08/12/06,07:00:27,47.92092,N,106.90612,E,1346.8m,59.72,0km/h
736,T,08/12/06,07:00:30,47.92092,N,106.90612,E,1346.8m,64.25,0km/h
737,T,08/12/06,07:00:32,47.92092,N,106.90612,E,1347.0m,38.17,0km/h
738,T,08/12/06,07:00:36,47.92093,N,106.90612,E,1347.0m,84.81,0km/h
739,T,08/12/06,07:00:39,47.92093,N,106.90612,E,1347.0m,17.33,1km/h
740,T,08/12/06,07:00:42,47.92094,N,106.90612,E,1347.0m,11.60,3km/h
741,T,08/12/06,07:00:45,47.92094,N,106.90612,E,1347.2m,34.25,1km/h
742,T,08/12/06,07:00:47,47.92094,N,106.90612,E,1347.3m,35.63,1km/h
743,T,08/12/06,07:00:50,47.92095,N,106.90612,E,1347.5m,29.21,1km/h
744,T,08/12/06,07:00:53,47.92094,N,106.90612,E,1347.7m,74.48,0km/h
745,T,08/12/06,07:00:56,47.92093,N,106.90612,E,1347.8m,63.27,0km/h
746,T,08/12/06,07:00:59,47.92092,N,106.90612,E,1348.1m,75.32,0km/h
747,T,08/12/06,07:01:02,47.92092,N,106.90612,E,1348.0m,69.96,0km/h
748,T,08/12/06,07:01:05,47.92091,N,106.90612,E,1347.8m,87.37,0km/h
749,T,08/12/06,07:01:07,47.92091,N,106.90612,E,1347.7m,66.33,0km/h
750,T,08/12/06,07:01:11,47.92090,N,106.90612,E,1347.5m,103.6,0km/h
751,T,08/12/06,07:01:14,47.92089,N,106.90612,E,1347.6m,92.26,1km/h
752,T,08/12/06,07:01:16,47.92088,N,106.90612,E,1347.7m,50.58,0km/h
753,T,08/12/06,07:01:19,47.92087,N,106.90612,E,1347.9m,98.27,0km/h
754,T,08/12/06,07:01:22,47.92087,N,106.90612,E,1348.0m,34.49,1km/h
755,T,08/12/06,07:01:25,47.92088,N,106.90611,E,1347.2m,43.60,0km/h
756,T,08/12/06,07:01:28,47.92090,N,106.90610,E,1346.3m,66.40,0km/h
757,T,08/12/06,07:01:31,47.92092,N,106.90610,E,1345.6m,65.12,0km/h
758,T,08/12/06,07:01:34,47.92093,N,106.90609,E,1345.2m,51.89,0km/h
759,T,08/12/06,07:01:37,47.92094,N,106.90609,E,1344.8m,71.06,0km/h
760,T,08/12/06,07:01:40,47.92095,N,106.90609,E,1344.4m,54.90,0km/h
761,T,08/12/06,07:01:42,47.92095,N,106.90608,E,1344.1m,36.23,1km/h
762,T,08/12/06,07:01:45,47.92096,N,106.90608,E,1343.9m,48.09,0km/h
763,T,08/12/06,07:01:48,47.92096,N,106.90608,E,1343.6m,63.81,0km/h
764,T,08/12/06,07:01:51,47.92097,N,106.90608,E,1343.5m,67.83,0km/h
765,T,08/12/06,07:01:54,47.92098,N,106.90608,E,1343.4m,72.38,0km/h
766,T,08/12/06,07:01:57,47.92098,N,106.90608,E,1343.2m,62.95,0km/h
767,T,08/12/06,07:02:00,47.92098,N,106.90608,E,1343.1m,53.34,0km/h
768,T,08/12/06,07:02:02,47.92099,N,106.90607,E,1343.0m,43.82,1km/h
769,T,08/12/06,07:02:06,47.92099,N,106.90607,E,1343.0m,35.04,1km/h
770,T,08/12/06,07:02:09,47.92100,N,106.90607,E,1343.0m,47.79,0km/h
771,T,08/12/06,07:02:12,47.92100,N,106.90607,E,1342.7m,26.19,1km/h
772,T,08/12/06,07:02:14,47.92101,N,106.90607,E,1342.2m,71.22,0km/h
773,T,08/12/06,07:02:17,47.92101,N,106.90607,E,1342.1m,52.38,0km/h
774,T,08/12/06,07:02:20,47.92101,N,106.90607,E,1342.3m,39.86,1km/h
775,T,08/12/06,07:02:23,47.92101,N,106.90607,E,1342.5m,51.86,0km/h
776,T,08/12/06,07:02:26,47.92102,N,106.90607,E,1342.6m,36.43,1km/h
777,T,08/12/06,07:02:29,47.92102,N,106.90607,E,1342.8m,41.89,1km/h
778,T,08/12/06,07:02:32,47.92102,N,106.90607,E,1342.8m,41.95,1km/h
779,T,08/12/06,07:02:35,47.92102,N,106.90607,E,1342.8m,52.91,1km/h
780,T,08/12/06,07:02:37,47.92102,N,106.90607,E,1342.7m,56.75,1km/h
781,T,08/12/06,07:02:40,47.92103,N,106.90607,E,1342.7m,58.41,0km/h
782,T,08/12/06,07:02:43,47.92103,N,106.90607,E,1342.8m,51.66,0km/h
783,T,08/12/06,07:02:46,47.92103,N,106.90607,E,1342.8m,40.39,1km/h
784,T,08/12/06,07:02:49,47.92103,N,106.90607,E,1342.9m,42.41,1km/h
785,T,08/12/06,07:02:52,47.92103,N,106.90607,E,1343.0m,31.54,1km/h
786,T,08/12/06,07:02:55,47.92103,N,106.90607,E,1343.1m,41.81,0km/h
787,T,08/12/06,07:02:57,47.92103,N,106.90607,E,1343.1m,56.63,0km/h
788,T,08/12/06,07:03:01,47.92103,N,106.90607,E,1343.4m,41.38,1km/h
789,T,08/12/06,07:03:04,47.92103,N,106.90606,E,1343.7m,28.59,1km/h
790,T,08/12/06,07:03:07,47.92102,N,106.90606,E,1344.1m,29.61,1km/h
791,T,08/12/06,07:03:09,47.92102,N,106.90606,E,1344.5m,65.83,0km/h
792,T,08/12/06,07:03:12,47.92101,N,106.90605,E,1345.2m,49.52,0km/h
793,T,08/12/06,07:03:15,47.92101,N,106.90604,E,1346.0m,50.45,0km/h
794,T,08/12/06,07:03:18,47.92100,N,106.90603,E,1346.4m,35.75,1km/h
795,T,08/12/06,07:03:21,47.92099,N,106.90603,E,1347.0m,30.38,0km/h
796,T,08/12/06,07:03:24,47.92099,N,106.90602,E,1347.4m,33.67,1km/h
797,T,08/12/06,07:03:27,47.92098,N,106.90602,E,1347.7m,72.81,0km/h
798,T,08/12/06,07:03:30,47.92098,N,106.90601,E,1348.0m,43.56,0km/h
799,T,08/12/06,07:03:32,47.92098,N,106.90601,E,1347.8m,40.44,1km/h
